{
  "modelo_escolhido": "SVM",
  "criterio_de_escolha": "Maior recall da classe risco_alto_queimada; desempate por F1 e ROC-AUC.",
  "base_utilizada": "data/dados_fireguard_orbit_real.csv",
  "features_categoricas": [
    "regiao",
    "bioma"
  ],
  "features_numericas": [
    "mes",
    "dia_do_ano",
    "temperatura_c",
    "temperatura_max_c",
    "temperatura_min_c",
    "umidade_pct",
    "precipitacao_mm",
    "vento_kmh",
    "dias_sem_chuva",
    "chuva_acumulada_7d",
    "umidade_media_7d",
    "temperatura_media_7d",
    "focos_dia_anterior",
    "focos_acumulados_7d",
    "media_focos_7d",
    "media_focos_15d"
  ],
  "metricas": {
    "modelo": "SVM",
    "accuracy": 0.7690476190476191,
    "precision_risco_alto": 0.5302013422818792,
    "recall_risco_alto": 0.7452830188679245,
    "f1_risco_alto": 0.6196078431372549,
    "roc_auc": 0.8430477106117054
  },
  "matriz_confusao": [
    [
      244,
      70
    ],
    [
      27,
      79
    ]
  ],
  "classification_report": {
    "0": {
      "precision": 0.9003690036900369,
      "recall": 0.7770700636942676,
      "f1-score": 0.8341880341880342,
      "support": 314.0
    },
    "1": {
      "precision": 0.5302013422818792,
      "recall": 0.7452830188679245,
      "f1-score": 0.6196078431372549,
      "support": 106.0
    },
    "accuracy": 0.7690476190476191,
    "macro avg": {
      "precision": 0.7152851729859581,
      "recall": 0.761176541281096,
      "f1-score": 0.7268979386626446,
      "support": 420.0
    },
    "weighted avg": {
      "precision": 0.8069457367632161,
      "recall": 0.7690476190476191,
      "f1-score": 0.7800320812085519,
      "support": 420.0
    }
  },
  "roc_auc_calculado_no_teste": 0.8430477106117054
}